Timestamp,Filename,Risk Level,Risk Score,Detection Counts,Processing Time,Status
2026-07-02T15:10:10Z,Kayalvizhi_Resume.pdf,Low,2,"{""Email"": 1, ""Phone"": 1}",0.419,Success
2026-07-02T15:20:28Z,Beginner Level Chess Curriculum.pdf,Unknown,0,{},0.125,Failure: The uploaded document does not contain readable text.
2026-07-02T15:20:41Z,Kayalvizhi_ML_Resume.pdf,Low,2,"{""Email"": 1, ""Phone"": 1}",0.147,Success
2026-07-02T15:22:34Z,Kayalvizhi_Resume.pdf,Low,2,"{""Email"": 1, ""Phone"": 1}",0.315,Success
2026-07-02T15:31:48Z,Kayalvizhi_Resume.pdf,Low,2,"{""Email"": 1, ""Phone"": 1}",0.339,Success
2026-07-02T15:38:42Z,Kayalvizhi_Resume.pdf,Low,2,"{""Email"": 1, ""Phone"": 1}",0.327,Success
2026-07-02T15:44:31Z,Kayalvizhi_Resume.pdf,Low,2,"{""Email"": 1, ""Phone"": 1}",0.410,Success
2026-07-02T15:58:17Z,Kayalvizhi_Resume.pdf,Low,2,"{""Email"": 1, ""Phone"": 1}",0.178,Success
2026-07-02T15:58:53Z,Kayalvizhi_Resume.pdf,Low,2,"{""Email"": 1, ""Phone"": 1}",0.165,Success
2026-07-02T15:59:39Z,Kayalvizhi_Resume.pdf,Low,2,"{""Email"": 1, ""Phone"": 1}",0.227,Success
2026-07-02T16:20:51Z,Kayalvizhi_Resume.pdf,Low,2,"{""Email"": 1, ""Phone"": 1}",0.233,Success
2026-07-02T16:30:11Z,Kayalvizhi_Resume.pdf,Low,2,"{""Email"": 1, ""Phone"": 1}",0.181,Success
2026-07-02T16:48:42Z,Kayalvizhi_Resume.pdf,Low,2,"{""Email"": 1, ""Phone"": 1}",0.242,Success
2026-07-02T16:50:33Z,Kayalvizhi_Resume.pdf,Low,2,"{""Email"": 1, ""Phone"": 1}",0.210,Success
2026-07-02T17:17:39Z,Kayalvizhi_Resume.pdf,Low,2,"{""Email"": 1, ""Phone"": 1}",0.464,Success
